<?xml version="1.0" encoding="UTF-8"?>
<!--
  ~ Copyright 2018 Red Hat, Inc.
  ~
  ~ Licensed under the Apache License, Version 2.0 (the "License");
  ~ you may not use this file except in compliance with the License.
  ~ You may obtain a copy of the License at
  ~
  ~   http://www.apache.org/licenses/LICENSE-2.0
  ~
  ~ Unless required by applicable law or agreed to in writing, software
  ~ distributed under the License is distributed on an "AS IS" BASIS,
  ~ WITHOUT WARRANTIES OR CONDITIONS OF ANY KIND, either express or implied.
  ~ See the License for the specific language governing permissions and
  ~ limitations under the License.
  -->
<module name="io.jaegertracing.jaeger" xmlns="urn:jboss:module:1.8">
    <properties>
        <property name="jboss.api" value="private"/>
    </properties>

    <resources>
        <resource-root path="jaeger-core-0.34.3.jar"/>

        <!-- The concrete transport should be transparent to the consumer -->
        <resource-root path="jaeger-thrift-0.34.3.jar"/>
    </resources>

    <dependencies>
        <module name="com.google.code.gson"/>
        <module name="com.squareup.okhttp3"/>

        <module name="io.opentracing.opentracing-api"/>
        <module name="io.opentracing.opentracing-util"/>

        <module name="org.apache.thrift"/>
        <module name="org.slf4j"/>
    </dependencies>
</module>
