<?xml version="1.0" encoding="UTF-8"?>
<!--
  ~ JBoss, Home of Professional Open Source.
  ~ Copyright 2010, Red Hat, Inc., and individual contributors
  ~ as indicated by the @author tags. See the copyright.txt file in the
  ~ distribution for a full listing of individual contributors.
  ~
  ~ This is free software; you can redistribute it and/or modify it
  ~ under the terms of the GNU Lesser General Public License as
  ~ published by the Free Software Foundation; either version 2.1 of
  ~ the License, or (at your option) any later version.
  ~
  ~ This software is distributed in the hope that it will be useful,
  ~ but WITHOUT ANY WARRANTY; without even the implied warranty of
  ~ MERCHANTABILITY or FITNESS FOR A PARTICULAR PURPOSE. See the GNU
  ~ Lesser General Public License for more details.
  ~
  ~ You should have received a copy of the GNU Lesser General Public
  ~ License along with this software; if not, write to the Free
  ~ Software Foundation, Inc., 51 Franklin St, Fifth Floor, Boston, MA
  ~ 02110-1301 USA, or see the FSF site: http://www.fsf.org.
  -->
<module name="org.jboss.as.weld" xmlns="urn:jboss:module:1.8">

    <properties>
        <property name="jboss.api" value="private"/>
    </properties>

    <exports>
        <exclude path="org/jboss/as/weld/_private"/>
    </exports>

    <resources>
        <resource-root path="wildfly-weld-19.1.0.Final.jar"/>
    </resources>

    <dependencies>
        <module name="org.jboss.weld.api"/>
        <module name="org.jboss.weld.core"/>
        <module name="org.jboss.weld.spi"/>
        <module name="org.jboss.as.weld.spi"/>
        <module name="org.picketbox"/>
        <module name="org.jboss.as.weld.common"/>
        <module name="org.jboss.as.weld.ejb" optional="true" services="import"/>
        <module name="org.jboss.as.weld.jpa" optional="true" services="import"/>
        <module name="org.jboss.as.weld.beanvalidation" optional="true" services="import"/>
        <module name="org.jboss.as.weld.webservices" optional="true" services="import"/>
        <module name="org.jboss.as.weld.transactions" optional="true" services="import"/>
        <module name="java.naming"/>
        <module name="java.xml"/>
        <module name="javax.annotation.api"/>
        <module name="javax.enterprise.api"/>
        <module name="javax.enterprise.concurrent.api"/>
        <module name="javax.interceptor.api"/>
        <module name="javax.servlet.api"/>
        <module name="javax.servlet.jsp.api"/>
        <module name="javax.transaction.api"/>
        <module name="javax.validation.api"/>
        <module name="org.glassfish.jakarta.el"/>
        <module name="org.jboss.jandex"/>
        <module name="org.jboss.staxmapper"/>
        <module name="org.jboss.as.controller"/>
        <!-- Only needed if capability 'org.wildfly.legacy-security.server-security-manager' is present -->
        <module name="org.jboss.as.core-security" optional="true"/>
        <module name="org.jboss.as.ee"/>
        <module name="org.jboss.as.naming"/>
        <module name="org.wildfly.security.elytron-private"/>
        <module name="org.jboss.as.server"/>
        <module name="org.jboss.as.web-common"/>
        <module name="org.jboss.invocation"/>
        <module name="org.jboss.logging"/>
        <module name="org.jboss.metadata.common"/>
        <module name="org.jboss.metadata.web"/>
        <module name="org.jboss.metadata.ear"/>
        <module name="org.jboss.modules"/>
        <module name="org.jboss.msc"/>
        <module name="org.jboss.threads"/>
        <module name="org.jboss.vfs"/>
    </dependencies>

</module>
