<?xml version="1.0" encoding="UTF-8"?>
<!--
  ~ JBoss, Home of Professional Open Source.
  ~ Copyright 2019 Red Hat, Inc., and individual contributors
  ~ as indicated by the @author tags.
  ~
  ~ Licensed under the Apache License, Version 2.0 (the "License");
  ~ you may not use this file except in compliance with the License.
  ~ You may obtain a copy of the License at
  ~
  ~     http://www.apache.org/licenses/LICENSE-2.0
  ~
  ~ Unless required by applicable law or agreed to in writing, software
  ~ distributed under the License is distributed on an "AS IS" BASIS,
  ~ WITHOUT WARRANTIES OR CONDITIONS OF ANY KIND, either express or implied.
  ~ See the License for the specific language governing permissions and
  ~ limitations under the License.
  -->
<module name="io.smallrye.jwt" xmlns="urn:jboss:module:1.8">
    <properties>
        <property name="jboss.api" value="private"/>
    </properties>
    
    <resources>
        <resource-root path="smallrye-jwt-2.0.13.jar"/>
    </resources>

    <dependencies>
        <module name="javax.api"/>
        <module name="javax.security.enterprise.api"/>
        <module name="javax.servlet.api"/>
        <module name="org.bitbucket.jose4j"/>
        <module name="org.eclipse.microprofile.config.api"/>
        <module name="org.eclipse.microprofile.jwt.auth.api"/>
        <module name="org.jboss.logging"/>
        <module name="javax.enterprise.api"/>
        <module name="javax.annotation.api"/>
        <module name="javax.json.api"/>
        <module name="javax.ws.rs.api"/>
        <module name="io.smallrye.config" services="import"/>
        <module name="org.jboss.weld.core"/>
        <module name="org.jboss.weld.spi"/>
        <module name="org.jboss.weld.api"/>
    </dependencies>
</module>
